Substrate_conc,Velocity
15,50.0
1,6.25
3,16.6666667
4,21.0526316
100,86.9565217
6,28.5714286
2,11.7647059
10,40.0
75,83.3333333
20,57.1428571
8,34.7826087
30,66.6666667
50,76.9230769
